nba_id,player_name,minutes,one_year_rapm,three_year_rapm,five_year_rapm,rapm_timedecay
203999,Nikola Jokic,2265.0,5.21,9.38,10.31,7.61
1641705,Victor Wembanyama,1866.0,7.05,7.13,7.36,7.59
202695,Kawhi Leonard,2085.0,6.54,6.88,7.15,7.14
1628983,Shai Gilgeous-Alexander,2259.0,6.38,9.64,8.4,6.41
203507,Giannis Antetokounmpo,1039.0,4.26,6.94,7.54,6.36
1629029,Luka Doncic,2289.0,2.47,4.69,4.0,3.67
1628378,Donovan Mitchell,2342.0,3.78,4.36,5.0,3.64
1630595,Cade Cunningham,2172.0,3.85,2.24,2.29,2.47
1628384,OG Anunoby,2224.0,2.74,3.17,1.99,2.82
1630162,Anthony Edwards,2137.0,0.16,1.91,2.64,0.53
1626157,Karl-Anthony Towns,2322.0,3.25,3.57,2.5,2.8
1628369,Jayson Tatum,522.0,2.0,4.09,5.06,3.86
1628973,Jalen Brunson,2590.0,2.52,3.47,2.89,1.73
1631096,Chet Holmgren,1997.0,4.88,4.37,5.63,6.49
201142,Kevin Durant,2840.0,1.44,2.1,4.35,3.22
1630567,Scottie Barnes,2681.0,2.34,1.34,0.97,1.26
1629011,Mitchell Robinson,1175.0,1.21,1.34,1.86,1.89
1627750,Jamal Murray,2652.0,1.82,2.24,1.52,1.69
201935,James Harden,2438.0,1.09,0.12,1.44,0.78
1628386,Jarrett Allen,1519.0,2.38,3.52,2.86,3.94
1630169,Tyrese Haliburton,,,5.52,3.19,3.25
203954,Joel Embiid,1201.0,2.74,3.28,5.31,3.49
1630163,LaMelo Ball,2017.0,3.13,3.02,2.67,2.21
1628392,Isaiah Hartenstein,1137.0,3.05,3.32,3.74,3.44
1629660,Ty Jerome,339.0,1.06,4.16,1.56,1.53
1628389,Bam Adebayo,2365.0,4.77,3.57,3.97,3.37
1627751,Jakob Poeltl,1149.0,-0.36,0.83,2.06,1.37
1628368,De'Aaron Fox,2231.0,1.87,3.3,2.9,2.87
203932,Aaron Gordon,1005.0,2.67,2.0,3.63,3.36
1629057,Robert Williams III,1008.0,1.4,1.17,2.85,1.84
1627936,Alex Caruso,1020.0,5.05,4.03,4.61,5.26
1642264,Stephon Castle,2038.0,0.17,0.24,0.45,0.9
201939,Stephen Curry,1329.0,2.84,4.94,6.19,4.88
1626164,Devin Booker,2146.0,3.26,3.09,4.61,3.54
203497,Rudy Gobert,2380.0,0.81,4.68,3.85,4.42
202710,Jimmy Butler,1182.0,4.76,4.38,4.28,4.05
1630577,Julian Champagnie,2266.0,4.46,1.95,1.8,2.73
1630596,Evan Mobley,2074.0,1.09,1.17,-0.05,1.67
1630178,Tyrese Maxey,2661.0,1.04,1.96,1.02,1.33
1627759,Jaylen Brown,2443.0,-1.13,-0.54,-0.79,-0.84
1631105,Jalen Duren,1976.0,1.45,-0.28,0.27,0.33
1628374,Lauri Markkanen,1443.0,2.62,4.73,4.3,3.32
1642844,Dylan Harper,1558.0,3.57,4.98,5.1,4.62
203076,Anthony Davis,626.0,-0.43,1.58,3.79,2.36
1630532,Franz Wagner,1019.0,1.96,4.52,4.76,4.27
1641717,Cason Wallace,2046.0,1.57,0.76,1.44,1.92
1628401,Derrick White,2625.0,3.43,4.76,4.21,4.19
1630194,Paul Reed,901.0,1.64,1.54,1.69,1.79
1630572,Sandro Mamukelashvili,1751.0,2.3,2.79,0.36,1.52
203500,Steven Adams,730.0,1.41,3.5,5.77,4.55
1628978,Donte DiVincenzo,2494.0,3.63,-0.63,-0.24,1.58
1628991,Jaren Jackson Jr.,1455.0,-0.68,-0.26,2.1,1.01
204001,Kristaps Porzingis,769.0,0.05,-0.17,1.08,0.51
1629008,Michael Porter Jr.,1689.0,1.82,-0.1,0.27,0.69
1630168,Onyeka Okongwu,2297.0,-1.12,0.14,1.19,0.0
1631114,Jalen Williams,936.0,0.92,-0.23,-0.42,0.21
2544,LeBron James,1989.0,-0.41,0.18,2.7,1.64
1627884,Derrick Jones Jr.,1350.0,2.15,1.66,2.16,1.45
1630549,Day'Ron Sharpe,1160.0,0.19,2.43,2.07,1.87
1641708,Amen Thompson,2953.0,3.39,2.82,2.98,3.69
1627826,Ivica Zubac,1447.0,-1.44,0.96,0.34,0.9
1630591,Jalen Suggs,1574.0,2.43,1.94,0.81,1.17
1630540,Miles McBride,1080.0,3.67,2.86,2.66,3.44
1630578,Alperen Sengun,2398.0,-1.42,0.85,0.46,0.38
1630188,Jalen Smith,1095.0,4.14,2.07,1.59,1.92
1631169,Josh Minott,834.0,-0.63,-1.26,-0.98,-0.58
1629634,Brandon Clarke,,-0.97,2.48,2.26,1.38
1631157,Ryan Rollins,2375.0,1.58,0.62,-0.51,-0.32
203468,CJ McCollum,2263.0,2.14,1.07,0.1,0.52
1630170,Devin Vassell,2044.0,3.9,0.95,0.32,1.0
1631217,Moussa Diabate,1899.0,3.76,4.01,3.05,3.66
1627783,Pascal Siakam,2057.0,0.68,2.88,3.72,3.42
202331,Paul George,1135.0,-0.15,2.71,3.55,2.22
1631243,Mouhamed Gueye,1179.0,-0.07,0.36,0.39,0.42
1629048,Goga Bitadze,972.0,-0.49,0.8,1.19,-0.01
1629674,Neemias Queta,1926.0,3.67,2.87,3.0,3.72
1630559,Austin Reaves,1762.0,1.97,1.8,2.77,2.3
1629684,Grant Williams,711.0,2.78,0.1,-1.07,-0.03
203935,Marcus Smart,1769.0,4.32,3.54,2.82,3.24
1630166,Deni Avdija,2199.0,0.47,2.75,2.1,1.19
1629636,Darius Garland,1344.0,-0.57,-0.73,2.22,0.02
1642349,Ajay Mitchell,1473.0,5.31,3.25,3.29,3.8
1627832,Fred VanVleet,,,4.13,3.81,2.32
1642270,Donovan Clingan,2094.0,0.14,0.66,0.86,0.16
1630568,Luka Garza,1118.0,0.91,0.71,0.52,0.53
203991,Clint Capela,926.0,1.47,1.0,2.78,2.16
1629630,Ja Morant,568.0,-1.02,1.55,1.6,1.14
1630193,Immanuel Quickley,2231.0,0.51,0.65,2.52,1.29
1629627,Zion Williamson,1841.0,-0.59,1.12,2.27,1.64
1629638,Nickeil Alexander-Walker,2603.0,1.83,2.24,2.08,1.81
1630529,Herbert Jones,1588.0,0.58,3.23,3.84,3.33
1641709,Ausar Thompson,1896.0,2.44,2.14,2.86,4.05
203939,Dwight Powell,904.0,0.39,-0.3,0.31,0.41
1641774,Tristan Vukcevic,671.0,-3.81,-4.19,-4.49,-3.44
1642867,Collin Murray-Boyles,1246.0,0.06,0.88,1.01,0.73
1629680,Matisse Thybulle,480.0,0.21,-0.92,-0.43,-0.21
1630700,Dyson Daniels,2520.0,5.24,4.01,3.29,4.01
1629661,Cameron Johnson,1647.0,2.45,1.73,2.2,1.61
1630217,Desmond Bane,2756.0,1.6,1.44,2.82,1.97
1641706,Brandon Miller,1968.0,3.49,0.73,0.33,0.64
1630551,Justin Champagnie,1377.0,-0.94,-0.82,-0.4,-0.9
1628371,Jonathan Isaac,521.0,-1.72,1.25,1.15,0.91
1631165,Keon Ellis,1479.0,-3.29,0.61,0.0,-1.1
1631221,Collin Gillespie,2282.0,1.88,1.46,1.46,0.74
1628976,Wendell Carter Jr.,2288.0,0.59,0.34,0.21,0.54
1641750,Ryan Kalkbrenner,1479.0,-2.53,-1.84,-1.98,-1.03
1631106,Tari Eason,1549.0,1.57,2.75,2.49,1.57
1627742,Brandon Ingram,2604.0,-1.99,-0.56,0.8,-0.48
1631117,Walker Kessler,154.0,0.11,-0.98,0.32,0.01
1629020,Jarred Vanderbilt,1128.0,0.01,1.43,-0.2,0.14
202699,Tobias Harris,1745.0,2.89,4.48,3.18,2.92
1642345,Oso Ighodaro,1808.0,2.27,1.48,0.7,1.56
1629628,RJ Barrett,1726.0,2.91,1.08,-1.29,0.9
1629001,De'Anthony Melton,1125.0,1.82,1.76,0.98,0.72
1629731,Dean Wade,1318.0,3.02,3.7,2.89,3.35
1630692,Jordan Goodwin,1572.0,1.19,0.37,0.03,0.89
1629027,Trae Young,384.0,-1.38,-0.15,0.18,-1.13
1630611,Gui Santos,1395.0,0.84,1.31,0.93,1.11
1631128,Christian Braun,1399.0,0.69,1.34,0.42,1.23
1629130,Duncan Robinson,2113.0,1.93,0.82,0.12,0.42
1641739,Toumani Camara,2731.0,0.36,1.45,1.06,1.18
1641775,Jordan Walsh,1212.0,1.26,0.24,0.6,0.16
1641764,Brandin Podziemski,2333.0,-0.71,2.57,1.88,0.49
1630541,Moses Moody,1540.0,0.86,-0.77,-2.06,0.0
1629639,Tyler Herro,1033.0,-2.11,-0.07,0.57,-0.88
1628404,Josh Hart,1994.0,1.51,0.65,1.2,0.5
1629750,Javonte Green,1446.0,2.13,2.11,2.54,2.36
1629013,Landry Shamet,1171.0,0.29,0.42,-0.09,2.02
1626181,Norman Powell,1717.0,-0.61,3.08,-0.57,1.16
203084,Harrison Barnes,1986.0,0.42,-0.88,-1.78,-0.76
1630202,Payton Pritchard,2556.0,2.73,2.58,1.6,2.08
1628969,Mikal Bridges,2692.0,1.54,-0.11,2.88,2.19
1641726,Dereck Lively II,115.0,-0.07,4.15,3.93,2.6
1642271,Kyle Filipowski,1801.0,-0.09,-0.23,-0.1,-0.01
1629645,Kevin Porter Jr.,1261.0,-0.34,-1.32,-1.32,-1.22
1628436,Luke Kornet,1430.0,-2.09,1.66,1.74,1.59
1631200,Kris Murray,1333.0,0.74,0.49,0.26,0.62
1630552,Jalen Johnson,2532.0,-0.73,0.05,-0.41,-0.03
1628960,Grayson Allen,1467.0,0.12,0.58,-0.82,-0.52
1627749,Dejounte Murray,389.0,0.84,-1.99,-0.08,-1.0
202681,Kyrie Irving,,,4.15,5.69,4.16
1628381,John Collins,1871.0,-2.3,-1.39,-1.61,-1.1
1641710,Anthony Black,1910.0,-1.19,-2.01,-1.92,-0.88
1627739,Kris Dunn,2228.0,0.18,1.72,1.8,0.46
201950,Jrue Holiday,1560.0,2.88,2.42,4.67,3.86
1631094,Paolo Banchero,2502.0,-0.82,-1.02,-1.07,-0.66
1630573,Sam Hauser,1934.0,1.82,3.15,2.9,2.17
1630183,Jaden McDaniels,2316.0,-0.79,-0.07,-0.29,-0.07
203110,Draymond Green,1869.0,-3.21,0.13,2.24,0.37
1630631,Jose Alvarado,1370.0,1.12,2.36,2.96,1.9
1642866,Joan Beringer,314.0,0.01,-0.06,-0.5,-0.27
1630198,Isaiah Joe,1507.0,1.02,1.78,1.91,1.57
1629632,Coby White,1250.0,1.78,2.0,1.9,1.05
1629675,Naz Reid,2007.0,1.43,1.87,-0.37,0.65
1630182,Josh Green,908.0,3.18,-1.21,-0.58,0.32
1629028,Deandre Ayton,1958.0,-1.7,-3.5,-2.12,-2.45
1642857,Kasparas Jakučionis,945.0,0.48,0.64,0.98,-0.39
1630581,Josh Giddey,1731.0,-0.64,0.25,-1.76,-0.35
1628970,Miles Bridges,2387.0,-1.23,-2.07,0.26,-1.45
1630590,Scotty Pippen Jr.,212.0,-1.78,-1.26,-1.76,-1.09
1629006,Josh Okogie,1354.0,1.16,0.92,1.13,1.04
1631119,Jaylin Williams,1277.0,1.92,1.36,0.19,1.41
1629637,Jaxson Hayes,1207.0,-0.47,-1.72,-2.3,-1.02
1630530,Trey Murphy III,2341.0,0.22,-0.65,-1.31,-1.26
1630241,Sam Merrill,1377.0,1.3,0.94,1.23,1.39
1642266,Ja'Kobe Walter,1474.0,-2.37,-1.95,-1.94,-1.77
1631321,Sidy Cissoko,1435.0,-1.58,-1.7,-1.74,-0.74
1629646,Charles Bassey,153.0,-1.66,-4.92,-4.44,-4.36
1631101,Shaedon Sharpe,1471.0,-0.26,-1.1,-1.83,-0.91
1642851,Kon Knueppel,2551.0,1.69,3.16,3.11,2.32
1641744,Zach Edey,284.0,2.03,3.16,2.3,3.02
1630224,Jalen Green,828.0,-0.92,-2.28,-3.52,-1.71
1642263,Reed Sheppard,2147.0,-0.81,-3.23,-3.67,-3.18
1628380,Zach Collins,184.0,0.39,-2.34,-1.09,-1.22
1631323,Simone Fontecchio,1172.0,0.02,0.22,-0.86,0.03
1631095,Jabari Smith Jr.,2705.0,1.18,0.1,-0.91,-0.36
1626167,Myles Turner,1912.0,-3.04,0.68,2.22,0.49
1642276,Kel'el Ware,1704.0,-1.27,-1.41,-1.0,-0.34
1627780,Gary Payton II,1142.0,-0.15,0.14,1.05,0.19
1630314,Brandon Williams,1463.0,-1.36,-2.3,-3.96,-2.29
1641765,Olivier-Maxence Prosper,984.0,-2.71,-5.46,-5.21,-4.08
1629026,Kenrich Williams,855.0,-1.18,1.98,3.0,1.7
1630643,Jay Huff,1719.0,-1.97,-2.97,-2.91,-2.45
1630174,Aaron Nesmith,1335.0,0.23,1.7,0.8,1.2
1641757,Jordan Miller,1325.0,-0.0,-1.1,-1.53,-1.27
1642843,Cooper Flagg,2344.0,-0.5,-1.78,-1.31,-1.46
1630538,Nah'Shon Hyland,1177.0,-0.17,-2.44,-0.97,-1.3
1629655,Daniel Gafford,1194.0,-0.93,0.45,-0.41,0.15
1642504,Cormac Ryan,271.0,-0.19,-0.28,-0.39,-0.85
1630543,Isaiah Jackson,908.0,-0.43,-0.18,-1.42,-0.65
1630558,Davion Mitchell,2000.0,2.12,1.0,0.08,1.09
1629622,Max Strus,288.0,-1.69,-0.36,-0.48,-0.93
1631131,Oscar Tshiebwe,448.0,-1.39,-0.57,-0.56,-1.15
1629312,Haywood Highsmith,,-0.56,-1.38,-3.36,-0.92
1628415,Dillon Brooks,1702.0,-0.63,-0.49,1.79,1.41
1626162,Kelly Oubre Jr.,1574.0,-1.79,-2.53,-2.06,-2.02
1629614,Andrew Nembhard,1786.0,-3.92,-1.17,-1.1,-1.03
1628989,Kevin Huerter,1549.0,1.85,2.16,2.73,2.09
1631099,Keegan Murray,793.0,-2.23,0.74,0.62,0.06
1630583,Santi Aldama,1198.0,-0.27,-1.02,-1.52,-0.93
1641740,Jaylen Clark,888.0,0.94,0.18,0.34,0.26
1629640,Keldon Johnson,1911.0,0.35,-2.37,-1.48,-2.12
1642346,Ryan Dunn,1355.0,0.13,-0.55,-1.08,-0.76
1642907,Cedric Coward,1598.0,2.34,1.78,1.44,1.34
1631230,Dominick Barlow,1689.0,-1.59,-0.75,-1.71,-1.14
1630200,Tre Jones,1752.0,0.17,-0.02,-0.35,-0.89
1642269,Devin Carter,700.0,-2.62,-1.4,-1.47,-1.26
1630167,Obi Toppin,424.0,1.06,0.56,1.74,1.08
1626172,Kevon Looney,307.0,-1.71,0.6,2.53,1.63
1629012,Collin Sexton,1613.0,-2.45,-1.45,-2.38,-2.46
1629723,John Konchar,1115.0,-2.51,-2.09,-0.56,-0.55
1630695,Micah Potter,908.0,-0.57,-1.88,-2.53,-2.02
1642352,Keshad Johnson,280.0,1.82,0.52,0.66,0.8
1641842,Ronald Holland II,1550.0,-0.7,-0.53,0.05,0.68
1642914,Javon Small,830.0,-0.52,0.22,-0.12,-1.11
1641771,Jalen Slawson,311.0,-0.77,-1.34,-1.33,-0.71
1631260,A.J. Green,2270.0,-0.32,1.21,0.57,1.09
203081,Damian Lillard,,,3.46,4.67,3.01
1631245,Quenton Jackson,897.0,0.25,-0.64,-0.88,-0.96
1641707,Taylor Hendricks,1118.0,-3.05,-3.36,-3.28,-2.67
1630180,Saddiq Bey,2246.0,-0.5,0.47,-1.72,-0.86
1641737,Adem Bona,1234.0,0.29,-0.7,-0.59,-0.41
1631111,Wendell Moore Jr.,,1.0,-4.27,-5.38,-2.49
1628379,Luke Kennard,1680.0,1.23,0.27,1.9,0.2
204456,T.J. McConnell,963.0,-1.17,0.6,0.28,-0.08
1642364,Jamir Watkins,1032.0,0.05,0.17,-0.04,-0.12
1630173,Precious Achiuwa,1745.0,0.19,-3.2,-3.25,-2.6
1631170,Jaime Jaquez Jr.,2121.0,0.61,-0.51,-0.54,-0.03
1642845,VJ Edgecombe,2623.0,2.15,2.08,1.93,1.51
203952,Andrew Wiggins,2063.0,-2.09,-2.12,-0.14,-1.22
1642347,Jamal Shead,1852.0,2.62,0.96,1.35,1.06
1642928,Dylan Cardwell,907.0,0.12,-0.56,-0.8,-1.1
1642852,Derik Queen,2023.0,-2.79,-3.32,-2.98,-3.25
1641729,Brice Sensabaugh,1762.0,-2.54,-4.13,-3.93,-3.56
1630598,Aaron Wiggins,1414.0,-2.3,1.24,0.58,0.38
203994,Jusuf Nurkic,1083.0,-1.13,2.22,1.5,1.11
203924,Jerami Grant,1695.0,-1.01,-2.81,-2.47,-2.43
1642854,Asa Newell,500.0,-0.88,-1.33,-1.6,-1.45
1631110,Jeremy Sochan,469.0,-3.76,-4.88,-4.33,-4.13
1642954,Will Richard,1377.0,-1.0,-2.78,-2.89,-2.94
1642366,Quinten Post,1159.0,-0.05,-1.91,-1.9,-1.09
203944,Julius Randle,2610.0,1.32,1.1,1.6,0.78
1642285,Cam Spencer,1714.0,-0.89,-0.29,-0.81,-0.75
1630245,Ayo Dosunmu,1881.0,-1.39,-2.95,-3.39,-2.44
1631207,Dalen Terry,551.0,-1.71,-3.64,-3.88,-2.4
1629004,Svi Mykhailiuk,1156.0,1.87,2.09,1.29,1.37
1630696,Dru Smith,1141.0,-2.11,-1.99,-2.34,-1.73
1630249,Vit Krejci,1392.0,-1.38,-1.88,-3.26,-2.43
1641713,GG Jackson,1178.0,-0.09,-2.58,-2.5,-2.56
1629652,Luguentz Dort,1849.0,-1.93,-1.54,-1.36,-1.19
1629111,Jock Landale,1506.0,-0.83,-0.15,0.88,-0.77
1631222,Jake LaRavia,2061.0,-1.32,-0.46,-1.18,-0.18
1641796,Pelle Larsson,1849.0,1.48,0.6,0.82,0.33
1631133,Jabari Walker,762.0,-0.6,-1.75,-2.18,-1.45
1631248,Baylor Scheierman,1429.0,0.25,-1.05,-0.79,-0.01
1642277,Johnny Furphy,643.0,0.27,-1.18,-1.39,-0.48
1641772,Nae'Qwan Tomlin,1004.0,-0.01,-0.45,-0.47,-0.34
1627734,Domantas Sabonis,564.0,-2.36,-0.33,0.62,0.13
1642066,Myron Gardner,411.0,-0.12,-0.12,-0.08,0.54
1628418,Thomas Bryant,732.0,-0.06,-1.09,-2.13,-1.59
1642864,Hugo González,1084.0,3.57,3.43,3.41,3.61
1641747,DaRon Holmes II,210.0,-1.33,-1.07,-1.23,-0.72
1628370,Malik Monk,1364.0,-0.56,-0.24,-0.0,-0.87
1641854,Craig Porter,1148.0,0.79,-1.5,-1.02,-0.95
1642847,Jeremiah Fears,2112.0,-2.88,-2.52,-2.19,-2.4
1631212,Peyton Watson,1598.0,1.92,-1.43,-1.6,-0.77
1630533,Ziaire Williams,1281.0,-3.01,-4.13,-3.72,-3.16
203914,Gary Harris,661.0,-2.52,-1.15,-1.7,-1.84
203501,Tim Hardaway Jr.,2127.0,0.25,-2.41,-1.2,-1.09
1641824,Matas Buzelis,2248.0,-2.77,-3.19,-2.25,-2.48
203992,Bogdan Bogdanovic,452.0,-1.16,1.36,2.24,1.02
1627741,Buddy Hield,819.0,-2.42,-2.21,-2.5,-2.45
1630619,Moussa Cisse,530.0,0.7,0.64,0.55,0.53
1642869,Noah Penda,757.0,-1.57,-1.82,-2.36,-1.38
1628975,Jevon Carter,867.0,-1.92,-0.24,0.07,-0.91
1630703,Scoot Henderson,748.0,-0.76,-2.69,-3.1,-2.18
1631255,Karlo Matkovic,912.0,-1.57,-0.95,-1.04,-0.41
1642382,Branden Carlson,488.0,-1.89,-2.1,-2.24,-2.28
1641725,Trey Alexander,,-0.94,-1.97,-2.14,-1.84
1642949,Yanic Konan Niederhäuser,424.0,0.23,0.16,-0.1,-0.26
1642274,Yves Missi,1297.0,-0.8,-5.98,-5.93,-3.19
1630214,Xavier Tillman,184.0,-1.46,-2.41,-1.73,-1.7
1642377,Jaylen Wells,1821.0,-0.75,0.46,-0.25,0.01
1642863,Khaman Maluach,411.0,-1.26,-1.62,-1.79,-1.48
1642278,Tyler Kolek,727.0,-0.04,0.05,-0.41,0.16
1626171,Bobby Portis,1619.0,-2.36,-0.57,-0.34,-0.89
1631159,Leonard Miller,719.0,0.5,-0.42,-0.35,0.16
1630604,E.J. Liddell,349.0,-0.86,-1.48,-1.59,-1.81
1641783,Tristan da Silva,1899.0,1.12,-0.45,-0.7,-0.56
201572,Brook Lopez,1635.0,-1.02,0.14,0.18,0.75
1643024,Chris Mañon,,-0.87,-1.0,-1.15,-1.19
1641763,Julian Phillips,427.0,-1.91,-0.83,-0.58,-0.54
1631199,Ron Harper Jr.,318.0,-1.05,-1.36,-0.87,-0.41
1643052,Chaney Johnson,348.0,-1.35,-1.57,-1.83,-1.58
1642367,Jonathan Mogbo,249.0,-3.2,-5.62,-5.4,-4.38
1641738,Kobe Brown,962.0,-4.01,-5.21,-5.26,-4.22
203484,Kentavious Caldwell-Pope,1088.0,-1.06,-0.5,0.09,-0.19
1641869,Malachi Smith,359.0,-2.07,-2.32,-2.55,-2.91
1631120,JD Davison,218.0,0.19,-1.54,-2.27,-1.3
1642449,Tolu Smith,137.0,-0.59,-0.73,-0.97,-0.48
1631288,Jamal Cain,486.0,0.56,-2.15,-1.98,-0.79
1631109,Mark Williams,1416.0,-0.63,-2.69,-3.58,-2.99
1642856,Egor Dëmin,1308.0,-0.66,0.3,-0.66,-0.69
1631123,Jamaree Bouyea,644.0,-1.4,-1.43,-1.84,-1.33
1629023,P.J. Washington,1736.0,-1.98,-0.68,-0.66,-0.3
1641810,Antonio Reeves,,0.07,-2.27,-2.37,-2.28
1627827,Dorian Finney-Smith,620.0,-2.76,2.85,2.07,1.94
1641718,Keyonte George,1786.0,-1.66,-4.96,-4.79,-4.14
1642530,Yuki Kawamura,209.0,-1.09,-0.74,-1.04,-0.5
1642273,Kyshawn George,1391.0,-1.9,-1.26,-1.2,-1.37
1629060,Rui Hachimura,1927.0,0.24,1.58,0.45,0.48
1642920,Kobe Sanders,1353.0,0.2,-0.73,-0.89,-1.43
1642850,Thomas Sorber,,,,,
1641731,Bilal Coulibaly,1468.0,-2.06,-3.48,-4.42,-3.85
203083,Andre Drummond,1231.0,-1.15,-1.76,-1.18,-1.12
203648,Thanasis Antetokounmpo,148.0,-1.16,-2.76,-5.9,-2.03
201143,Al Horford,969.0,-0.02,2.02,2.37,1.24
1642461,Spencer Jones,1417.0,-1.74,-1.76,-2.26,-0.65
1642933,Keshon Gilbert,,-2.05,-2.33,-2.51,-2.51
1642396,Blake Hinson,285.0,0.92,0.62,0.38,0.42
1628988,Aaron Holiday,781.0,0.84,1.83,1.06,1.61
1642877,Micah Peavy,913.0,-1.16,-0.68,-1.2,-0.26
1628396,Tony Bradley,451.0,-2.3,-1.06,0.14,-1.76
1642261,Dalton Knecht,553.0,-3.48,-2.72,-3.11,-2.66
1626156,D'Angelo Russell,495.0,-0.77,2.99,1.11,0.75
1642357,David Jones,,0.49,0.17,-0.04,0.23
1630699,MarJon Beauchamp,196.0,-0.84,-2.32,-4.08,-2.06
1630828,Alex Antetokounmpo,,-0.46,-0.79,-0.95,-0.82
1628963,Marvin Bagley III,1201.0,-0.84,-1.27,-1.83,-1.81
1629021,Moritz Wagner,427.0,-2.51,-0.48,-0.52,-2.11
1629656,Quentin Grimes,2206.0,-0.19,-2.74,-2.06,-1.44
202691,Klay Thompson,1497.0,-2.16,-2.11,-1.53,-1.28
1628467,Maxi Kleber,461.0,0.13,-0.07,-1.25,-0.22
1631108,Max Christie,2244.0,-2.38,-2.22,-2.57,-2.7
1631250,Pete Nance,737.0,-0.32,-1.42,-1.26,-1.6
1630171,Isaac Okoro,1695.0,-2.44,0.02,-0.19,-0.91
1627752,Taurean Prince,611.0,0.15,-2.05,-2.9,-1.98
1642950,Lachlan Olbrich,344.0,-0.31,-1.07,-1.36,-0.72
1626220,Royce O'Neale,2213.0,-4.32,-0.86,-1.0,-1.66
1641803,Tristen Newton,,-0.47,-1.34,-1.49,-1.03
1641715,Cam Whitmore,354.0,-2.41,-2.86,-2.87,-2.02
1642348,Justin Edwards,977.0,-1.96,-4.14,-3.96,-4.23
1631204,Marcus Sasser,457.0,1.84,-1.07,-0.87,-0.08
203937,Kyle Anderson,853.0,-2.56,-2.1,-1.54,-0.76
1630228,Jonathan Kuminga,830.0,0.46,1.18,-1.29,0.09
1642911,Rocco Zikarsky,,-0.28,-0.69,-0.9,-0.97
202696,Nikola Vucevic,1818.0,-0.52,-0.56,-0.23,-0.42
1629234,Drew Eubanks,552.0,-2.26,-3.8,-3.89,-3.33
1642874,Danny Wolf,1187.0,-2.44,-2.96,-3.29,-3.11
1630264,Anthony Gill,951.0,-4.6,-3.32,-1.29,-3.19
1626145,Tyus Jones,979.0,-2.58,-3.42,-2.58,-2.75
1631107,Nikola Jovic,808.0,-0.78,-0.54,-1.15,-0.66
1629599,Amir Coffey,491.0,-1.28,-3.31,-2.75,-2.88
1629631,De'Andre Hunter,1175.0,-2.33,0.09,-0.9,-0.56
1631218,Trayce Jackson-Davis,496.0,-3.0,-1.76,-2.44,-2.19
1629014,Anfernee Simons,1372.0,-1.05,-2.47,-0.95,-2.07
1641767,Ben Sheppard,1390.0,-2.3,-0.69,-0.46,-1.64
1642878,Tyrese Proctor,545.0,-0.69,-1.0,-1.17,-1.67
203078,Bradley Beal,121.0,-1.33,-3.17,-1.37,-2.02
1630230,Naji Marshall,2184.0,-0.58,0.81,0.45,-0.15
203114,Khris Middleton,1439.0,-2.82,-1.12,0.0,-0.54
1643007,Taelon Peter,492.0,-3.22,-3.22,-3.38,-3.12
1631102,TyTy Washington Jr.,,-1.57,-3.2,-4.09,-2.31
1641730,Noah Clowney,1780.0,-1.47,-2.98,-3.64,-2.87
1642967,John Poulakidas,253.0,-1.15,-1.44,-1.52,-1.44
203552,Seth Curry,133.0,-0.43,-1.07,-2.06,-1.53
1627824,Guerschon Yabusele,1007.0,-2.89,-1.51,-1.67,-2.35
1642272,Jared McCain,1160.0,0.63,-0.1,-0.44,-0.95
1631121,Bryce McGowens,880.0,-0.49,-2.3,-3.44,-2.5
1642883,Sion James,1843.0,0.69,1.73,1.72,2.53
203486,Mason Plumlee,171.0,-0.75,0.18,-0.56,-0.74
1642281,Jaylon Tyson,1777.0,-0.17,-1.35,-1.32,-1.07
1630625,Dalano Banton,,-0.48,-2.63,-2.91,-2.42
1631124,Julian Strawther,861.0,-0.09,-3.76,-3.78,-2.94
202685,Jonas Valanciunas,871.0,-0.83,0.47,-0.52,-0.32
1642853,Rasheer Fleming,673.0,1.53,1.52,1.62,1.06
1631342,Daeqwon Plowden,844.0,-2.97,-1.96,-1.87,-3.35
1643016,Bez Mbeng,492.0,-3.71,-4.16,-4.42,-4.22
1631223,David Roddy,,-0.0,-3.89,-4.78,-2.36
1641748,Andre Jackson Jr.,408.0,-3.2,-3.77,-3.83,-3.43
1642862,Liam McNeeley,368.0,-0.84,-0.86,-1.03,-0.95
1629162,Jordan McLaughlin,282.0,-2.34,1.53,2.01,-0.59
1631127,Harrison Ingram,,-0.68,-0.16,-0.3,-0.63
1630570,Trendon Watford,864.0,-4.17,-2.51,-3.77,-3.78
1642434,Riley Minix,,0.44,-0.0,-0.2,-0.19
201942,DeMar DeRozan,2406.0,-2.58,-1.23,-0.31,-0.71
1642400,Tristan Enaruna,,0.4,0.06,-0.19,0.0
1630165,Killian Hayes,406.0,-1.32,-3.68,-5.32,-3.51
1642918,Alijah Martin,146.0,-1.51,-1.53,-1.66,-1.67
1630587,Isaiah Livers,347.0,-0.24,-3.09,-1.48,-2.53
201587,Nicolas Batum,1295.0,-0.89,0.88,0.6,0.87
1630256,Jae'Sean Tate,405.0,-2.28,0.2,-0.65,-0.55
1641989,Elijah Harkless,545.0,-0.13,0.48,0.27,0.35
1641716,Jarace Walker,1953.0,-4.66,-6.42,-6.32,-5.68
1642359,Pacôme Dadiet,136.0,-1.54,-2.16,-2.35,-1.9
1642450,Daniss Jenkins,1455.0,-0.42,-0.38,-0.42,-0.71
1631097,Bennedict Mathurin,1620.0,-0.89,-2.94,-2.9,-2.59
1629651,Nicolas Claxton,1920.0,-4.34,-4.31,-1.77,-3.61
1630536,Sharife Cooper,700.0,-2.36,-2.31,-3.73,-2.95
1642384,Isaiah Crawford,,-1.65,-1.69,-1.85,-1.61
203926,Doug McDermott,439.0,-3.68,-4.8,-4.64,-3.61
201144,Mike Conley,991.0,-0.78,-0.25,1.19,1.12
1630679,Ethan Thompson,653.0,-0.1,0.02,-0.12,0.17
1642875,Maxime Raynaud,1964.0,-4.28,-4.61,-5.0,-4.61
1630644,Mac McClung,135.0,-1.19,-1.59,-1.1,-1.57
203903,Jordan Clarkson,1279.0,0.22,-0.52,0.32,-0.29
1641755,Kevin McCullar Jr.,155.0,-2.57,-3.26,-3.52,-2.12
1630208,Nick Richards,701.0,-2.54,-5.48,-6.07,-4.51
1642855,Noa Essengue,,-1.06,-1.37,-1.53,-1.42
1630557,Corey Kispert,1080.0,-2.68,-3.48,-2.34,-3.24
1642402,Enrique Freeman,,0.22,-1.55,-1.74,-0.73
1642268,Isaiah Collier,1517.0,-4.84,-5.43,-5.29,-5.31
1631213,Tyrese Martin,777.0,-2.76,-3.71,-3.54,-3.23
1642959,Chris Youngblood,185.0,-0.38,-0.9,-1.15,-0.81
1642876,Adou Thiero,149.0,-1.36,-1.12,-1.28,-2.37
201567,Kevin Love,613.0,0.59,2.13,0.75,0.25
1630702,Jaden Hardy,898.0,-0.57,-4.55,-4.49,-2.91
1630534,Ochai Agbaji,973.0,-1.7,-1.57,-1.36,-1.87
1642363,Nique Clifford,1882.0,0.58,0.39,0.12,0.3
1642935,Chucky Hepburn,,-1.07,-1.36,-1.53,-1.38
1630545,Terrence Shannon Jr.,538.0,-2.02,-2.6,-2.66,-2.25
1628997,Caleb Martin,856.0,-3.12,-2.8,-0.97,-2.15
1641794,Dillon Jones,,-0.25,-2.32,-2.46,-1.21
1642859,Jase Richardson,587.0,-1.93,-2.06,-2.38,-2.41
1642868,Carter Bryant,818.0,-0.66,-1.03,-1.3,-0.07
1631116,Patrick Baldwin Jr.,,-1.46,-1.02,-3.14,-1.94
201599,DeAndre Jordan,199.0,-0.33,-2.06,-3.6,-1.96
1630191,Isaiah Stewart,1317.0,-2.12,-1.83,-1.62,-1.93
1630574,Ariel Hukporti,498.0,-0.5,-2.0,-2.4,-1.33
1629673,Jordan Poole,933.0,-2.38,-3.25,-1.54,-2.66
1630623,Tyson Etienne,380.0,-2.59,-3.83,-4.12,-4.37
1642259,Alexandre Sarr,1305.0,-1.99,-1.92,-2.3,-1.74
1641801,Emanuel Miller,,-1.13,-1.5,-1.65,-1.71
1641711,Gradey Dick,1067.0,-0.93,-3.97,-3.52,-2.82
1626204,Larry Nance Jr.,449.0,-2.64,-1.82,-0.3,-1.84
1643018,LJ Cryer,292.0,0.16,-0.55,-0.99,-1.13
1631466,Jeenathan Williams,239.0,-1.25,-1.4,-1.46,-2.31
1630579,Jericho Sims,1318.0,-2.98,-3.08,-3.33,-2.73
1642880,Kam Jones,616.0,-2.56,-2.76,-2.93,-3.46
1630322,Lindy Waters III,285.0,-1.42,-1.86,-1.14,-1.15
1642860,Will Riley,1632.0,-4.69,-4.43,-4.68,-4.66
1630639,AJ Lawson,226.0,-0.85,-1.3,-2.07,-1.22
1642354,KJ Simpson,258.0,-1.28,-4.91,-5.3,-3.42
1630311,Pat Spencer,1229.0,-2.14,-2.91,-3.08,-2.36
1630592,Jalen Wilson,859.0,-3.23,-2.07,-1.61,-2.25
1629216,Gabe Vincent,879.0,-0.84,-1.13,0.21,-0.94
1642502,Malevy Leons,276.0,-1.92,-2.9,-3.14,-2.39
1642275,Tidjane Salaün,575.0,-0.7,-4.95,-4.9,-4.05
203482,Kelly Olynyk,360.0,-3.27,-2.62,-1.99,-2.09
1630846,Olivier Sarr,,0.1,-0.59,-0.09,-0.08
1642419,Jamison Battle,517.0,0.38,-2.41,-2.23,-1.65
1626192,Pat Connaughton,297.0,-3.3,-3.38,-3.96,-2.12
1631211,Trevor Keels,,-0.79,-1.13,-1.9,-0.95
1641790,PJ Hall,213.0,-1.82,-1.43,-1.55,-1.6
203471,Dennis Schroder,1696.0,-1.29,-1.89,-1.24,-1.3
1642948,Ryan Nembhard,1171.0,1.15,0.34,0.04,0.0
1642910,John Tonje,,-0.66,-0.82,-0.99,-0.87
1629018,Gary Trent Jr.,1377.0,-4.95,-3.58,-4.01,-4.58
1641807,Norchad Omier,,-1.16,-1.4,-1.54,-1.74
1641787,Tosan Evbuomwan,,-1.06,-2.94,-2.69,-2.12
1643257,Jayson Kent,,-0.52,-0.81,-0.97,-0.91
1642846,Ace Bailey,1988.0,-4.6,-4.47,-4.36,-4.0
1642938,Curtis Jones,,0.56,0.42,0.22,0.47
1642258,Zaccharie Risacher,1503.0,-2.14,-3.92,-3.99,-3.1
1642355,Bronny James,375.0,-2.14,-3.51,-3.53,-3.49
1629611,Terance Mann,1529.0,-1.64,-1.6,-0.52,-1.04
203897,Zach LaVine,1224.0,-2.18,-0.58,0.14,-0.94
1642260,Nikola Topić,,-2.07,-3.11,-3.27,-3.17
1630192,Zeke Nnaji,626.0,-3.06,-3.9,-2.54,-2.72
1630811,Keaton Wallace,536.0,-3.12,-2.14,-2.52,-2.44
1642886,Koby Brea,,-1.05,-1.26,-1.41,-1.21
1641733,Nick Smith Jr.,375.0,-0.45,-7.2,-7.4,-6.02
1642849,Nolan Traore,1243.0,-2.04,-1.95,-2.27,-2.83
1642484,RayJ Dennis,206.0,-2.86,-2.11,-2.44,-1.76
1631132,Christian Koloko,357.0,-1.01,-1.12,0.49,-0.38
1641724,Jett Howard,695.0,-0.6,-3.21,-3.34,-3.21
1629618,Jalen Pickett,806.0,-1.62,-0.45,-0.88,-1.05
1641815,Isaiah Stevens,,-1.12,-1.53,-1.7,-1.3
1642917,Max Shulga,,-1.09,-1.3,-1.49,-1.24
1642389,Zyon Pullin,,-0.14,-0.57,-0.78,-0.85
201566,Russell Westbrook,1853.0,-1.79,-3.26,-2.99,-3.08
1631166,Drew Timme,235.0,-1.48,-2.08,-2.02,-2.36
1642882,Julian Reese,402.0,-1.92,-1.88,-2.07,-2.45
1642353,Cam Christie,480.0,-1.27,-1.44,-1.64,-1.14
201959,Taj Gibson,,-0.72,-4.4,-2.3,-1.76
202066,Garrett Temple,,-1.36,-3.02,-6.98,-2.87
1642942,Jahmai Mashack,673.0,-4.14,-4.06,-4.16,-3.66
1643060,Hayden Gray,,-0.96,-1.31,-1.54,-1.32
1631104,Blake Wesley,361.0,-2.66,-3.25,-4.9,-4.13
1627747,Caris LeVert,1154.0,-2.3,-0.19,-0.44,-1.0
1642383,Walter Clayton Jr.,1411.0,-2.18,-2.21,-2.12,-2.93
1630621,Hunter Dickinson,,-1.38,-1.62,-1.79,-2.06
1642964,Brooks Barnhizer,348.0,-4.64,-5.56,-5.74,-4.32
1641890,Tyler Smith,166.0,-1.37,-1.15,-1.29,-1.24
1630172,Patrick Williams,1474.0,-6.03,-3.98,-3.28,-4.06
1641712,Rayan Rupert,1073.0,-6.53,-7.71,-7.6,-7.03
1631457,Alex Morales,,-0.15,-0.49,-0.66,-0.57
1641780,Johni Broome,,-1.31,-1.67,-1.81,-1.67
1642443,Jahmir Young,,-0.48,-0.61,-0.78,-0.55
1642873,Amari Williams,146.0,-3.15,-3.33,-3.44,-3.12
1642885,Mohamed Diawara,634.0,-0.35,-0.52,-0.8,-0.47
1628971,Bruce Brown,1998.0,-3.34,-3.85,-2.68,-2.79
1642265,Rob Dillingham,970.0,-3.49,-4.18,-3.78,-3.34
1630544,Tre Mann,668.0,-5.26,-4.53,-4.35,-4.45
1641778,Leaky Black,433.0,-1.77,-1.61,-1.73,-1.82
1642905,Yang Hansen,300.0,-3.49,-3.68,-3.68,-3.13
1642490,Josh Oduro,,0.41,0.1,-0.15,-0.4
204060,Joe Ingles,153.0,-1.12,1.05,0.99,0.9
1628398,Kyle Kuzma,1806.0,-1.97,-5.12,-3.76,-3.35
1642884,Vladislav Goldin,,-0.44,-0.76,-0.93,-0.71
1631338,Mouhamadou Gueye,,-1.11,-4.11,-4.17,-2.64
1642951,Sean Pedulla,,-1.2,-1.48,-1.66,-1.58
1642404,Chaz Lanier,262.0,-1.56,-1.65,-1.9,-2.07
1642262,Cody Williams,1631.0,-4.02,-5.69,-5.76,-5.34
1642362,Payton Sandfort,,-0.9,-1.48,-1.7,-1.66
1642267,Carlton Carrington,2271.0,-5.45,-6.59,-6.63,-6.72
1642848,Tre Johnson,1443.0,-1.47,-1.11,-0.94,-1.69
1643047,CJ Huntley,,0.05,-0.24,-0.4,-0.3
1631126,Caleb Love,1013.0,-2.17,-2.22,-2.19,-2.47
1642358,AJ Johnson,453.0,-3.36,-4.41,-4.74,-3.79
1642962,Drake Powell,1320.0,-5.87,-6.14,-6.59,-5.87
1642879,Ben Saraf,916.0,-4.31,-4.62,-4.95,-4.5
1630658,Colin Castleton,,-0.3,-3.19,-3.16,-1.75
1642403,Isaac Jones,,-1.44,-3.58,-3.98,-2.6
200768,Kyle Lowry,118.0,-2.3,-2.17,0.56,-0.37
1631172,Ousmane Dieng,1099.0,-4.2,-5.14,-3.83,-4.42
1641998,Trey Jemison,,-1.79,-3.39,-3.04,-2.7
1641722,Jordan Hawkins,692.0,-2.78,-5.62,-5.53,-4.89
202687,Bismack Biyombo,141.0,-3.79,-4.65,-3.63,-4.21
201145,Jeff Green,175.0,-2.22,-4.26,-4.21,-3.42
